{"cameraMode":{"drawMode":0,"name":"Shaded","section":"Shading Mode"},"sceneLighting":true,"audioPlay":false,"sceneViewState":{"m_AlwaysRefresh":false,"showFog":true,"showSkybox":true,"showFlares":true,"showImageEffects":true,"showParticleSystems":true,"showVisualEffectGraphs":true,"m_FxEnabled":true},"in2DMode":false,"pivot":{"x":451.4852294921875,"y":249.2586669921875,"z":-6.961761474609375},"rotation":{"x":-0.019493578001856805,"y":0.023113280534744264,"z":-0.0004456068272702396,"w":-0.9995582103729248},"size":305.5291748046875,"orthographic":true}